﻿<?xml version="1.0" encoding="UTF-8"?>
<GlobalConfigurations>
  <Channel>0</Channel>
  <Timeout>10</Timeout>
  <DeviceList>
    <Device>
      <ID>COM11</ID>
      <Connection>COM11</Connection>
      <DeviceType>NONE</DeviceType>
    </Device>
    <Device>
      <ID>COM26</ID>
      <Connection>COM26</Connection>
      <DeviceType>NONE</DeviceType>
    </Device>
    <Device>
      <ID>COM3</ID>
      <Connection>COM3</Connection>
      <DeviceType>NONE</DeviceType>
    </Device>
  </DeviceList>
</GlobalConfigurations>