﻿<?xml version="1.0" encoding="UTF-8"?>
<doc>
  <member>
    <name>TI.ZPI1.SYS_CALLBACK_SUBSCRIBE.CommandID</name>
    <mode>HEX</mode>
  </member>
  <member>
    <name>TI.ZPI1.SYS_APP_MSG.AppEndpoint</name>
    <mode>HEX</mode>
  </member>
  <member>
    <name>TI.ZPI1.SYS_APP_MSG.DestAddress</name>
    <mode>HEX</mode>
  </member>
  <member>
    <name>TI.ZPI1.SYS_APP_MSG.ClusterID</name>
    <mode>HEX</mode>
  </member>
  <member>
    <name>TI.ZPI1.SYS_APP_MSG.MsgLen</name>
    <mode>DEC</mode>
  </member>
  <member>
    <name>TI.ZPI1.SYS_APP_MSG.DestEndpoint</name>
    <mode>HEX</mode>
  </member>
  <member>
    <name>TI.ZPI2.ZB_BIND_DEVICE.Destination</name>
    <mode>HEX</mode>
  </member>
  <member>
    <name>TI.ZPI1.ZDO_ENDDEVICEBIND_REQUEST.LocalCoordinator</name>
    <mode>HEX</mode>
  </member>
  <member>
    <name>TI.ZPI1.ZDO_ENDDEVICEBIND_REQUEST.Endpoint</name>
    <mode>HEX</mode>
  </member>
  <member>
    <name>TI.ZPI1.ZDO_ENDDEVICEBIND_REQUEST.ProfileID</name>
    <mode>HEX</mode>
  </member>
  <member>
    <name>TI.ZPI1.USERTEST_REQUEST.CommandID</name>
    <mode>HEX</mode>
  </member>
  <member>
    <name>TI.ZPI1.USERTEST_REQUEST.Endpoint</name>
    <mode>HEX</mode>
  </member>
  <member>
    <name>TI.ZPI1.USERTEST_REQUEST.Param1</name>
    <mode>HEX</mode>
  </member>
  <member>
    <name>TI.ZPI1.USERTEST_REQUEST.Param2</name>
    <mode>HEX</mode>
  </member>
  <member>
    <name>TI.ZPI1.ZDO_MGMT_RTG_REQUEST.DstAddr</name>
    <mode>HEX</mode>
  </member>
  <member>
    <name>TI.ZPI1.ZDO_MGMT_BIND_REQUEST.DstAddr</name>
    <mode>HEX</mode>
  </member>
  <member>
    <name>TI.ZPI1.ZDO_UNBIND_REQUEST.ClusterID</name>
    <mode>HEX</mode>
  </member>
  <member>
    <name>TI.ZPI1.ZDO_UNBIND_REQUEST.DstAddr</name>
    <mode>HEX</mode>
  </member>
  <member>
    <name>TI.ZPI1.ZDO_UNBIND_REQUEST.DstAddress</name>
    <mode>HEX</mode>
  </member>
  <member>
    <name>TI.ZPI1.ZDO_UNBIND_REQUEST.DstEndpoint</name>
    <mode>HEX</mode>
  </member>
  <member>
    <name>TI.ZPI1.ZDO_UNBIND_REQUEST.SrcAddress</name>
    <mode>HEX</mode>
  </member>
  <member>
    <name>TI.ZPI1.ZDO_UNBIND_REQUEST.SrcEndpoint</name>
    <mode>HEX</mode>
  </member>
  <member>
    <name>TI.ZPI1.ZDO_BIND_REQUEST.ClusterID</name>
    <mode>HEX</mode>
  </member>
  <member>
    <name>TI.ZPI1.ZDO_BIND_REQUEST.DstAddr</name>
    <mode>HEX</mode>
  </member>
  <member>
    <name>TI.ZPI1.ZDO_BIND_REQUEST.DstAddress</name>
    <mode>HEX</mode>
  </member>
  <member>
    <name>TI.ZPI1.ZDO_BIND_REQUEST.DstEndpoint</name>
    <mode>HEX</mode>
  </member>
  <member>
    <name>TI.ZPI1.ZDO_BIND_REQUEST.SrcAddress</name>
    <mode>HEX</mode>
  </member>
  <member>
    <name>TI.ZPI1.ZDO_BIND_REQUEST.SrcEndpoint</name>
    <mode>HEX</mode>
  </member>
  <member>
    <name>TI.ZPI2.UTIL_CALLBACK_SUBSCRIBE.CommandID</name>
    <mode>HEX</mode>
  </member>
  <member>
    <name>TI.ZPI2.ZMAC_ASSOCIATE_RSP.ExtAddr</name>
    <mode>HEX</mode>
  </member>
  <member>
    <name>TI.ZPI2.ZMAC_SCAN_REQUEST.MaxResults</name>
    <mode>HEX</mode>
  </member>
  <member>
    <name>TI.ZPI2.SYS_OSAL_NV_WRITE.Id</name>
    <mode>HEX</mode>
  </member>
  <member>
    <name>TI.ZPI2.SYS_OSAL_NV_READ.Id</name>
    <mode>HEX</mode>
  </member>
</doc>